{
  "rgbg_hbf" : [12.099700, 49.012141],
  "center" : [12.100510, 49.059635],
  "initialZoom" : 8,
  "maximalZoom" : 14,
  "maxExtent" : [48.762563, 11.152466, 49.461515, 13.107112]
}